id,name,weight,types,statuses,abilities
810,サルノリ,5.0,"[""くさ""]","{:H=>50, :A=>65, :B=>50, :C=>40, :D=>40, :S=>65}","[""しんりょく"", ""グラスメイカー""]"
811,バチンキー,14.0,"[""くさ""]","{:H=>70, :A=>85, :B=>70, :C=>55, :D=>60, :S=>80}","[""しんりょく"", ""グラスメイカー""]"
812,ゴリランダー,90.0,"[""くさ""]","{:H=>100, :A=>125, :B=>90, :C=>60, :D=>70, :S=>85}","[""しんりょく"", ""グラスメイカー""]"
813,ヒバニー,4.5,"[""ほのお""]","{:H=>50, :A=>71, :B=>40, :C=>40, :D=>40, :S=>69}","[""もうか"", ""リベロ""]"
814,ラビフット,9.0,"[""ほのお""]","{:H=>65, :A=>86, :B=>60, :C=>55, :D=>60, :S=>94}","[""もうか"", ""リベロ""]"
815,エースバーン,33.0,"[""ほのお""]","{:H=>80, :A=>116, :B=>75, :C=>65, :D=>75, :S=>119}","[""もうか"", ""リベロ""]"
816,メッソン,4.0,"[""みず""]","{:H=>50, :A=>40, :B=>40, :C=>70, :D=>40, :S=>70}","[""げきりゅう"", ""スナイパー""]"
817,ジメレオン,11.5,"[""みず""]","{:H=>65, :A=>60, :B=>55, :C=>95, :D=>55, :S=>90}","[""げきりゅう"", ""スナイパー""]"
818,インテレオン,45.2,"[""みず""]","{:H=>70, :A=>85, :B=>65, :C=>125, :D=>65, :S=>120}","[""げきりゅう"", ""スナイパー""]"
824,サッチムシ,8.0,"[""むし""]","{:H=>25, :A=>20, :B=>20, :C=>25, :D=>45, :S=>45}","[""むしのしらせ"", ""ふくがん"", ""テレパシー""]"
825,レドームシ,19.5,"[""むし"", ""エスパー""]","{:H=>50, :A=>35, :B=>80, :C=>50, :D=>90, :S=>30}","[""むしのしらせ"", ""ふくがん"", ""テレパシー""]"
826,イオルブ,40.8,"[""むし"", ""エスパー""]","{:H=>60, :A=>45, :B=>110, :C=>80, :D=>120, :S=>90}","[""むしのしらせ"", ""おみとおし"", ""テレパシー""]"
10,キャタピー,2.9,"[""むし""]","{:H=>45, :A=>30, :B=>35, :C=>20, :D=>20, :S=>45}","[""りんぷん"", ""にげあし""]"
11,トランセル,9.9,"[""むし""]","{:H=>50, :A=>20, :B=>55, :C=>25, :D=>25, :S=>30}","[""だっぴ""]"
12,バタフリー,32.0,"[""むし"", ""ひこう""]","{:H=>60, :A=>45, :B=>50, :C=>90, :D=>80, :S=>70}","[""ふくがん"", ""いろめがね""]"
736,アゴジムシ,4.4,"[""むし""]","{:H=>47, :A=>62, :B=>45, :C=>55, :D=>45, :S=>46}","[""むしのしらせ""]"
737,デンヂムシ,10.5,"[""むし"", ""でんき""]","{:H=>57, :A=>82, :B=>95, :C=>55, :D=>75, :S=>36}","[""バッテリー""]"
738,クワガノン,45.0,"[""むし"", ""でんき""]","{:H=>77, :A=>70, :B=>90, :C=>145, :D=>75, :S=>43}","[""ふゆう""]"
163,ホーホー,21.2,"[""ノーマル"", ""ひこう""]","{:H=>60, :A=>30, :B=>30, :C=>36, :D=>56, :S=>50}","[""ふみん"", ""するどいめ"", ""いろめがね""]"
164,ヨルノズク,40.8,"[""ノーマル"", ""ひこう""]","{:H=>100, :A=>50, :B=>50, :C=>86, :D=>96, :S=>70}","[""ふみん"", ""するどいめ"", ""いろめがね""]"
821,ココガラ,1.8,"[""ひこう""]","{:H=>38, :A=>47, :B=>35, :C=>33, :D=>35, :S=>57}","[""するどいめ"", ""きんちょうかん"", ""はとむね""]"
822,アオガラス,16.0,"[""ひこう""]","{:H=>68, :A=>67, :B=>55, :C=>43, :D=>55, :S=>77}","[""するどいめ"", ""きんちょうかん"", ""はとむね""]"
823,アーマーガア,75.0,"[""ひこう"", ""はがね""]","{:H=>98, :A=>87, :B=>105, :C=>53, :D=>85, :S=>67}","[""プレッシャー"", ""きんちょうかん"", ""ミラーアーマー""]"
819,ホシガリス,2.5,"[""ノーマル""]","{:H=>70, :A=>55, :B=>55, :C=>35, :D=>35, :S=>25}","[""ほおぶくろ"", ""くいしんぼう""]"
820,ヨクバリス,6.0,"[""ノーマル""]","{:H=>120, :A=>95, :B=>95, :C=>55, :D=>75, :S=>20}","[""ほおぶくろ"", ""くいしんぼう""]"
519,マメパト,2.1,"[""ノーマル"", ""ひこう""]","{:H=>50, :A=>55, :B=>50, :C=>36, :D=>30, :S=>43}","[""はとむね"", ""きょううん"", ""とうそうしん""]"
520,ハトーボー,15.0,"[""ノーマル"", ""ひこう""]","{:H=>62, :A=>77, :B=>62, :C=>50, :D=>42, :S=>65}","[""はとむね"", ""きょううん"", ""とうそうしん""]"
521,ケンホロウ,29.0,"[""ノーマル"", ""ひこう""]","{:H=>80, :A=>115, :B=>80, :C=>65, :D=>55, :S=>93}","[""はとむね"", ""きょううん"", ""とうそうしん""]"
827,クスネ,8.9,"[""あく""]","{:H=>40, :A=>28, :B=>28, :C=>47, :D=>52, :S=>50}","[""にげあし"", ""かるわざ"", ""はりこみ""]"
828,フォクスライ,19.9,"[""あく""]","{:H=>70, :A=>58, :B=>58, :C=>87, :D=>92, :S=>90}","[""にげあし"", ""かるわざ"", ""はりこみ""]"
263,ジグザグマ,17.5,"[""あく"", ""ノーマル""]","{:H=>38, :A=>30, :B=>41, :C=>30, :D=>41, :S=>60}","[""ものひろい"", ""くいしんぼう"", ""はやあし""]"
264,マッスグマ,32.5,"[""あく"", ""ノーマル""]","{:H=>78, :A=>70, :B=>61, :C=>50, :D=>61, :S=>100}","[""ものひろい"", ""くいしんぼう"", ""はやあし""]"
862,タチフサグマ,46.0,"[""あく"", ""ノーマル""]","{:H=>93, :A=>90, :B=>101, :C=>60, :D=>81, :S=>95}","[""すてみ"", ""こんじょう"", ""まけんき""]"
831,ウールー,6.0,"[""ノーマル""]","{:H=>42, :A=>40, :B=>55, :C=>40, :D=>45, :S=>48}","[""もふもふ"", ""にげあし"", ""ぼうだん""]"
832,バイウールー,43.0,"[""ノーマル""]","{:H=>72, :A=>80, :B=>100, :C=>60, :D=>90, :S=>88}","[""もふもふ"", ""ふくつのこころ"", ""ぼうだん""]"
270,ハスボー,2.6,"[""みず"", ""くさ""]","{:H=>40, :A=>30, :B=>30, :C=>40, :D=>50, :S=>30}","[""すいすい"", ""あめうけざら"", ""マイペース""]"
271,ハスブレロ,32.5,"[""みず"", ""くさ""]","{:H=>60, :A=>50, :B=>50, :C=>60, :D=>70, :S=>50}","[""すいすい"", ""あめうけざら"", ""マイペース""]"
272,ルンパッパ,55.0,"[""みず"", ""くさ""]","{:H=>80, :A=>70, :B=>70, :C=>90, :D=>100, :S=>70}","[""すいすい"", ""あめうけざら"", ""マイペース""]"
273,タネボー,4.0,"[""くさ""]","{:H=>40, :A=>40, :B=>50, :C=>30, :D=>30, :S=>30}","[""ようりょくそ"", ""はやおき"", ""わるいてぐせ""]"
274,コノハナ,28.0,"[""くさ"", ""あく""]","{:H=>70, :A=>70, :B=>40, :C=>60, :D=>40, :S=>60}","[""ようりょくそ"", ""はやおき"", ""わるいてぐせ""]"
275,ダーテング,59.6,"[""くさ"", ""あく""]","{:H=>90, :A=>100, :B=>60, :C=>90, :D=>60, :S=>80}","[""ようりょくそ"", ""はやおき"", ""わるいてぐせ""]"
833,カムカメ,8.5,"[""みず""]","{:H=>50, :A=>64, :B=>50, :C=>38, :D=>38, :S=>44}","[""がんじょうあご"", ""シェルアーマー"", ""すいすい""]"
834,カジリガメ,115.5,"[""みず"", ""いわ""]","{:H=>90, :A=>115, :B=>90, :C=>48, :D=>68, :S=>74}","[""がんじょうあご"", ""シェルアーマー"", ""すいすい""]"
509,チョロネコ,10.1,"[""あく""]","{:H=>41, :A=>50, :B=>37, :C=>50, :D=>37, :S=>66}","[""じゅうなん"", ""かるわざ"", ""いたずらごころ""]"
510,レパルダス,37.5,"[""あく""]","{:H=>64, :A=>88, :B=>50, :C=>88, :D=>50, :S=>106}","[""じゅうなん"", ""かるわざ"", ""いたずらごころ""]"
835,ワンパチ,13.5,"[""でんき""]","{:H=>59, :A=>45, :B=>50, :C=>40, :D=>50, :S=>26}","[""たまひろい"", ""びびり""]"
836,パルスワン,34.0,"[""でんき""]","{:H=>69, :A=>90, :B=>60, :C=>90, :D=>60, :S=>121}","[""がんじょうあご"", ""かちき""]"
659,ホルビー,5.0,"[""ノーマル""]","{:H=>38, :A=>36, :B=>38, :C=>32, :D=>36, :S=>57}","[""ものひろい"", ""ほおぶくろ"", ""ちからもち""]"
660,ホルード,42.4,"[""ノーマル"", ""じめん""]","{:H=>85, :A=>56, :B=>77, :C=>50, :D=>77, :S=>78}","[""ものひろい"", ""ほおぶくろ"", ""ちからもち""]"
572,チラーミィ,5.8,"[""ノーマル""]","{:H=>55, :A=>50, :B=>40, :C=>40, :D=>40, :S=>75}","[""メロメロボディ"", ""テクニシャン"", ""スキルリンク""]"
573,チラチーノ,7.5,"[""ノーマル""]","{:H=>75, :A=>95, :B=>60, :C=>65, :D=>60, :S=>115}","[""メロメロボディ"", ""テクニシャン"", ""スキルリンク""]"
761,アマカジ,3.2,"[""くさ""]","{:H=>42, :A=>30, :B=>38, :C=>30, :D=>38, :S=>32}","[""リーフガード"", ""どんかん"", ""スイートベール""]"
762,アママイコ,8.2,"[""くさ""]","{:H=>52, :A=>40, :B=>48, :C=>40, :D=>48, :S=>62}","[""リーフガード"", ""どんかん"", ""スイートベール""]"
763,アマージョ,21.4,"[""くさ""]","{:H=>72, :A=>120, :B=>98, :C=>50, :D=>98, :S=>72}","[""リーフガード"", ""じょおうのいげん"", ""スイートベール""]"
43,ナゾノクサ,5.4,"[""くさ"", ""どく""]","{:H=>45, :A=>50, :B=>55, :C=>75, :D=>65, :S=>30}","[""ようりょくそ"", ""にげあし""]"
44,クサイハナ,8.6,"[""くさ"", ""どく""]","{:H=>60, :A=>65, :B=>70, :C=>85, :D=>75, :S=>40}","[""ようりょくそ"", ""あくしゅう""]"
45,ラフレシア,18.6,"[""くさ"", ""どく""]","{:H=>75, :A=>80, :B=>85, :C=>110, :D=>90, :S=>50}","[""ようりょくそ"", ""ほうし""]"
182,キレイハナ,5.8,"[""くさ""]","{:H=>75, :A=>80, :B=>95, :C=>90, :D=>100, :S=>50}","[""ようりょくそ"", ""いやしのこころ""]"
406,スボミー,1.2,"[""くさ"", ""どく""]","{:H=>40, :A=>30, :B=>35, :C=>50, :D=>70, :S=>55}","[""しぜんかいふく"", ""どくのトゲ"", ""リーフガード""]"
315,ロゼリア,2.0,"[""くさ"", ""どく""]","{:H=>50, :A=>60, :B=>45, :C=>100, :D=>80, :S=>65}","[""しぜんかいふく"", ""どくのトゲ"", ""リーフガード""]"
407,ロズレイド,14.5,"[""くさ"", ""どく""]","{:H=>60, :A=>70, :B=>65, :C=>125, :D=>105, :S=>90}","[""しぜんかいふく"", ""どくのトゲ"", ""テクニシャン""]"
278,キャモメ,9.5,"[""みず"", ""ひこう""]","{:H=>40, :A=>30, :B=>30, :C=>55, :D=>30, :S=>85}","[""するどいめ"", ""うるおいボディ"", ""あめうけざら""]"
279,ペリッパー,28.0,"[""みず"", ""ひこう""]","{:H=>60, :A=>50, :B=>100, :C=>95, :D=>70, :S=>65}","[""するどいめ"", ""あめふらし"", ""あめうけざら""]"
595,バチュル,0.6,"[""むし"", ""でんき""]","{:H=>50, :A=>47, :B=>50, :C=>57, :D=>50, :S=>65}","[""ふくがん"", ""きんちょうかん"", ""むしのしらせ""]"
596,デンチュラ,14.3,"[""むし"", ""でんき""]","{:H=>70, :A=>77, :B=>60, :C=>97, :D=>60, :S=>108}","[""ふくがん"", ""きんちょうかん"", ""むしのしらせ""]"
309,ラクライ,15.2,"[""でんき""]","{:H=>40, :A=>45, :B=>40, :C=>65, :D=>40, :S=>65}","[""せいでんき"", ""ひらいしん"", ""マイナス""]"
310,ライボルト,40.2,"[""でんき""]","{:H=>70, :A=>75, :B=>60, :C=>105, :D=>60, :S=>105}","[""せいでんき"", ""ひらいしん"", ""マイナス""]"
37,ロコン,9.9,"[""ほのお""]","{:H=>38, :A=>41, :B=>40, :C=>50, :D=>65, :S=>65}","[""もらいび"", ""ひでり""]"
38,キュウコン,19.9,"[""ほのお""]","{:H=>73, :A=>76, :B=>75, :C=>81, :D=>100, :S=>100}","[""もらいび"", ""ひでり""]"
58,ガーディ,19.0,"[""ほのお""]","{:H=>55, :A=>70, :B=>45, :C=>70, :D=>50, :S=>60}","[""いかく"", ""もらいび"", ""せいぎのこころ""]"
59,ウインディ,155.0,"[""ほのお""]","{:H=>90, :A=>110, :B=>80, :C=>100, :D=>80, :S=>95}","[""いかく"", ""もらいび"", ""せいぎのこころ""]"
582,バニプッチ,5.7,"[""こおり""]","{:H=>36, :A=>50, :B=>50, :C=>65, :D=>60, :S=>44}","[""アイスボディ"", ""ゆきがくれ"", ""くだけるよろい""]"
583,バニリッチ,41.0,"[""こおり""]","{:H=>51, :A=>65, :B=>65, :C=>80, :D=>75, :S=>59}","[""アイスボディ"", ""ゆきがくれ"", ""くだけるよろい""]"
584,バイバニラ,57.5,"[""こおり""]","{:H=>71, :A=>95, :B=>85, :C=>110, :D=>95, :S=>79}","[""アイスボディ"", ""ゆきふらし"", ""くだけるよろい""]"
220,ウリムー,6.5,"[""こおり"", ""じめん""]","{:H=>50, :A=>50, :B=>40, :C=>30, :D=>30, :S=>50}","[""どんかん"", ""ゆきがくれ"", ""あついしぼう""]"
221,イノムー,55.8,"[""こおり"", ""じめん""]","{:H=>100, :A=>100, :B=>80, :C=>60, :D=>60, :S=>50}","[""どんかん"", ""ゆきがくれ"", ""あついしぼう""]"
473,マンムー,291.0,"[""こおり"", ""じめん""]","{:H=>110, :A=>130, :B=>80, :C=>70, :D=>60, :S=>80}","[""どんかん"", ""ゆきがくれ"", ""あついしぼう""]"
225,デリバード,16.0,"[""こおり"", ""ひこう""]","{:H=>45, :A=>55, :B=>45, :C=>65, :D=>45, :S=>75}","[""やるき"", ""はりきり"", ""ふみん""]"
361,ユキワラシ,16.8,"[""こおり""]","{:H=>50, :A=>50, :B=>50, :C=>50, :D=>50, :S=>50}","[""せいしんりょく"", ""アイスボディ"", ""ムラっけ""]"
362,オニゴーリ,256.5,"[""こおり""]","{:H=>80, :A=>80, :B=>80, :C=>80, :D=>80, :S=>80}","[""せいしんりょく"", ""アイスボディ"", ""ムラっけ""]"
478,ユキメノコ,26.6,"[""こおり"", ""ゴースト""]","{:H=>70, :A=>80, :B=>70, :C=>80, :D=>70, :S=>110}","[""ゆきがくれ"", ""のろわれボディ""]"
343,ヤジロン,21.5,"[""じめん"", ""エスパー""]","{:H=>40, :A=>40, :B=>55, :C=>40, :D=>70, :S=>55}","[""ふゆう""]"
344,ネンドール,108.0,"[""じめん"", ""エスパー""]","{:H=>60, :A=>70, :B=>105, :C=>70, :D=>120, :S=>75}","[""ふゆう""]"
749,ドロバンコ,110.0,"[""じめん""]","{:H=>70, :A=>100, :B=>70, :C=>45, :D=>55, :S=>45}","[""マイペース"", ""じきゅうりょく"", ""せいしんりょく""]"
750,バンバドロ,920.0,"[""じめん""]","{:H=>100, :A=>125, :B=>100, :C=>55, :D=>85, :S=>35}","[""マイペース"", ""じきゅうりょく"", ""せいしんりょく""]"
557,イシズマイ,14.5,"[""むし"", ""いわ""]","{:H=>50, :A=>65, :B=>85, :C=>35, :D=>35, :S=>55}","[""がんじょう"", ""シェルアーマー"", ""くだけるよろい""]"
558,イワパレス,200.0,"[""むし"", ""いわ""]","{:H=>70, :A=>105, :B=>125, :C=>65, :D=>75, :S=>45}","[""がんじょう"", ""シェルアーマー"", ""くだけるよろい""]"
622,ゴビット,92.0,"[""じめん"", ""ゴースト""]","{:H=>59, :A=>74, :B=>50, :C=>35, :D=>50, :S=>35}","[""てつのこぶし"", ""ぶきよう"", ""ノーガード""]"
623,ゴルーグ,330.0,"[""じめん"", ""ゴースト""]","{:H=>89, :A=>124, :B=>80, :C=>55, :D=>80, :S=>55}","[""てつのこぶし"", ""ぶきよう"", ""ノーガード""]"
517,ムンナ,23.3,"[""エスパー""]","{:H=>76, :A=>25, :B=>45, :C=>67, :D=>55, :S=>24}","[""よちむ"", ""シンクロ"", ""テレパシー""]"
518,ムシャーナ,60.5,"[""エスパー""]","{:H=>116, :A=>55, :B=>85, :C=>107, :D=>95, :S=>29}","[""よちむ"", ""シンクロ"", ""テレパシー""]"
177,ネイティ,2.0,"[""エスパー"", ""ひこう""]","{:H=>40, :A=>50, :B=>45, :C=>70, :D=>45, :S=>70}","[""シンクロ"", ""はやおき"", ""マジックミラー""]"
178,ネイティオ,15.0,"[""エスパー"", ""ひこう""]","{:H=>65, :A=>75, :B=>70, :C=>95, :D=>70, :S=>95}","[""シンクロ"", ""はやおき"", ""マジックミラー""]"
759,ヌイコグマ,6.8,"[""ノーマル"", ""かくとう""]","{:H=>70, :A=>75, :B=>50, :C=>45, :D=>50, :S=>50}","[""もふもふ"", ""ぶきよう"", ""メロメロボディ""]"
760,キテルグマ,135.0,"[""ノーマル"", ""かくとう""]","{:H=>120, :A=>125, :B=>80, :C=>55, :D=>60, :S=>60}","[""もふもふ"", ""ぶきよう"", ""きんちょうかん""]"
459,ユキカブリ,50.5,"[""くさ"", ""こおり""]","{:H=>60, :A=>62, :B=>50, :C=>62, :D=>60, :S=>40}","[""ゆきふらし"", ""ぼうおん""]"
460,ユキノオー,135.5,"[""くさ"", ""こおり""]","{:H=>90, :A=>92, :B=>75, :C=>92, :D=>85, :S=>60}","[""ゆきふらし"", ""ぼうおん""]"
98,クラブ,6.5,"[""みず""]","{:H=>30, :A=>105, :B=>90, :C=>25, :D=>25, :S=>50}","[""かいりきバサミ"", ""シェルアーマー"", ""ちからずく""]"
99,キングラー,60.0,"[""みず""]","{:H=>55, :A=>130, :B=>115, :C=>50, :D=>50, :S=>75}","[""かいりきバサミ"", ""シェルアーマー"", ""ちからずく""]"
194,ウパー,8.5,"[""みず"", ""じめん""]","{:H=>55, :A=>45, :B=>45, :C=>25, :D=>25, :S=>15}","[""しめりけ"", ""ちょすい"", ""てんねん""]"
195,ヌオー,75.0,"[""みず"", ""じめん""]","{:H=>95, :A=>85, :B=>85, :C=>65, :D=>65, :S=>35}","[""しめりけ"", ""ちょすい"", ""てんねん""]"
341,ヘイガニ,11.5,"[""みず""]","{:H=>43, :A=>80, :B=>65, :C=>50, :D=>35, :S=>35}","[""かいりきバサミ"", ""シェルアーマー"", ""てきおうりょく""]"
342,シザリガー,32.8,"[""みず"", ""あく""]","{:H=>63, :A=>120, :B=>85, :C=>90, :D=>55, :S=>55}","[""かいりきバサミ"", ""シェルアーマー"", ""てきおうりょく""]"
290,ツチニン,5.5,"[""むし"", ""じめん""]","{:H=>31, :A=>45, :B=>90, :C=>30, :D=>30, :S=>40}","[""ふくがん"", ""にげあし""]"
291,テッカニン,12.0,"[""むし"", ""ひこう""]","{:H=>61, :A=>90, :B=>45, :C=>50, :D=>50, :S=>160}","[""かそく"", ""すりぬけ""]"
292,ヌケニン,1.2,"[""むし"", ""ゴースト""]","{:H=>1, :A=>90, :B=>45, :C=>30, :D=>30, :S=>40}","[""ふしぎなまもり""]"
236,バルキー,21.0,"[""かくとう""]","{:H=>35, :A=>35, :B=>35, :C=>35, :D=>35, :S=>35}","[""こんじょう"", ""ふくつのこころ"", ""やるき""]"
106,サワムラー,49.8,"[""かくとう""]","{:H=>50, :A=>120, :B=>53, :C=>35, :D=>110, :S=>87}","[""じゅうなん"", ""すてみ"", ""かるわざ""]"
107,エビワラー,50.2,"[""かくとう""]","{:H=>50, :A=>105, :B=>79, :C=>35, :D=>110, :S=>76}","[""するどいめ"", ""てつのこぶし"", ""せいしんりょく""]"
237,カポエラー,48.0,"[""かくとう""]","{:H=>50, :A=>95, :B=>95, :C=>35, :D=>110, :S=>70}","[""いかく"", ""テクニシャン"", ""ふくつのこころ""]"
674,ヤンチャム,8.0,"[""かくとう""]","{:H=>67, :A=>82, :B=>62, :C=>46, :D=>48, :S=>43}","[""てつのこぶし"", ""かたやぶり"", ""きもったま""]"
675,ゴロンダ,136.0,"[""かくとう"", ""あく""]","{:H=>95, :A=>124, :B=>78, :C=>69, :D=>71, :S=>58}","[""てつのこぶし"", ""かたやぶり"", ""きもったま""]"
599,ギアル,21.0,"[""はがね""]","{:H=>40, :A=>55, :B=>70, :C=>45, :D=>60, :S=>30}","[""プラス"", ""マイナス"", ""クリアボディ""]"
600,ギギアル,51.0,"[""はがね""]","{:H=>60, :A=>80, :B=>95, :C=>70, :D=>85, :S=>50}","[""プラス"", ""マイナス"", ""クリアボディ""]"
601,ギギギアル,81.0,"[""はがね""]","{:H=>60, :A=>100, :B=>115, :C=>70, :D=>85, :S=>90}","[""プラス"", ""マイナス"", ""クリアボディ""]"
415,ミツハニー,5.5,"[""むし"", ""ひこう""]","{:H=>30, :A=>30, :B=>42, :C=>30, :D=>42, :S=>70}","[""みつあつめ"", ""はりきり""]"
416,ビークイン,38.5,"[""むし"", ""ひこう""]","{:H=>70, :A=>80, :B=>102, :C=>80, :D=>102, :S=>40}","[""プレッシャー"", ""きんちょうかん""]"
436,ドーミラー,60.5,"[""はがね"", ""エスパー""]","{:H=>57, :A=>24, :B=>86, :C=>24, :D=>86, :S=>23}","[""ふゆう"", ""たいねつ"", ""ヘヴィメタル""]"
437,ドータクン,187.0,"[""はがね"", ""エスパー""]","{:H=>67, :A=>89, :B=>116, :C=>79, :D=>116, :S=>33}","[""ふゆう"", ""たいねつ"", ""ヘヴィメタル""]"
280,ラルトス,6.6,"[""エスパー"", ""フェアリー""]","{:H=>28, :A=>25, :B=>25, :C=>45, :D=>35, :S=>40}","[""シンクロ"", ""トレース"", ""テレパシー""]"
281,キルリア,20.2,"[""エスパー"", ""フェアリー""]","{:H=>38, :A=>35, :B=>35, :C=>65, :D=>55, :S=>50}","[""シンクロ"", ""トレース"", ""テレパシー""]"
282,サーナイト,48.4,"[""エスパー"", ""フェアリー""]","{:H=>68, :A=>65, :B=>65, :C=>125, :D=>115, :S=>80}","[""シンクロ"", ""トレース"", ""テレパシー""]"
475,エルレイド,52.0,"[""エスパー"", ""かくとう""]","{:H=>68, :A=>125, :B=>65, :C=>65, :D=>115, :S=>80}","[""ふくつのこころ"", ""せいぎのこころ""]"
425,フワンテ,1.2,"[""ゴースト"", ""ひこう""]","{:H=>90, :A=>50, :B=>34, :C=>60, :D=>44, :S=>70}","[""ゆうばく"", ""かるわざ"", ""ねつぼうそう""]"
426,フワライド,15.0,"[""ゴースト"", ""ひこう""]","{:H=>150, :A=>80, :B=>44, :C=>90, :D=>54, :S=>80}","[""ゆうばく"", ""かるわざ"", ""ねつぼうそう""]"
829,ヒメンカ,2.2,"[""くさ""]","{:H=>40, :A=>40, :B=>60, :C=>40, :D=>60, :S=>10}","[""わたげ"", ""さいせいりょく"", ""ほうし""]"
830,ワタシラガ,2.5,"[""くさ""]","{:H=>60, :A=>50, :B=>90, :C=>80, :D=>120, :S=>60}","[""わたげ"", ""さいせいりょく"", ""ほうし""]"
420,チェリンボ,3.3,"[""くさ""]","{:H=>45, :A=>35, :B=>45, :C=>62, :D=>53, :S=>35}","[""ようりょくそ""]"
421,チェリム,9.3,"[""くさ""]","{:H=>70, :A=>60, :B=>70, :C=>87, :D=>78, :S=>85}","[""フラワーギフト""]"
434,スカンプー,19.2,"[""どく"", ""あく""]","{:H=>63, :A=>63, :B=>47, :C=>41, :D=>41, :S=>74}","[""あくしゅう"", ""ゆうばく"", ""するどいめ""]"
435,スカタンク,38.0,"[""どく"", ""あく""]","{:H=>103, :A=>93, :B=>67, :C=>71, :D=>61, :S=>84}","[""あくしゅう"", ""ゆうばく"", ""するどいめ""]"
535,オタマロ,4.5,"[""みず""]","{:H=>50, :A=>50, :B=>40, :C=>50, :D=>40, :S=>64}","[""すいすい"", ""うるおいボディ"", ""ちょすい""]"
536,ガマガル,17.0,"[""みず"", ""じめん""]","{:H=>75, :A=>65, :B=>55, :C=>65, :D=>55, :S=>69}","[""すいすい"", ""うるおいボディ"", ""ちょすい""]"
537,ガマゲロゲ,62.0,"[""みず"", ""じめん""]","{:H=>105, :A=>95, :B=>75, :C=>85, :D=>75, :S=>74}","[""すいすい"", ""どくしゅ"", ""ちょすい""]"
355,ヨマワル,15.0,"[""ゴースト""]","{:H=>20, :A=>40, :B=>90, :C=>30, :D=>90, :S=>25}","[""ふゆう"", ""おみとおし""]"
356,サマヨール,30.6,"[""ゴースト""]","{:H=>40, :A=>70, :B=>130, :C=>60, :D=>130, :S=>25}","[""プレッシャー"", ""おみとおし""]"
477,ヨノワール,106.6,"[""ゴースト""]","{:H=>45, :A=>100, :B=>135, :C=>65, :D=>135, :S=>45}","[""プレッシャー"", ""おみとおし""]"
66,ワンリキー,19.5,"[""かくとう""]","{:H=>70, :A=>80, :B=>50, :C=>35, :D=>35, :S=>35}","[""こんじょう"", ""ノーガード"", ""ふくつのこころ""]"
67,ゴーリキー,70.5,"[""かくとう""]","{:H=>80, :A=>100, :B=>70, :C=>50, :D=>60, :S=>45}","[""こんじょう"", ""ノーガード"", ""ふくつのこころ""]"
68,カイリキー,130.0,"[""かくとう""]","{:H=>90, :A=>130, :B=>80, :C=>65, :D=>85, :S=>55}","[""こんじょう"", ""ノーガード"", ""ふくつのこころ""]"
92,ゴース,0.1,"[""ゴースト"", ""どく""]","{:H=>30, :A=>35, :B=>30, :C=>100, :D=>35, :S=>80}","[""ふゆう""]"
93,ゴースト,0.1,"[""ゴースト"", ""どく""]","{:H=>45, :A=>50, :B=>45, :C=>115, :D=>55, :S=>95}","[""ふゆう""]"
94,ゲンガー,40.5,"[""ゴースト"", ""どく""]","{:H=>60, :A=>65, :B=>60, :C=>130, :D=>75, :S=>110}","[""のろわれボディ""]"
129,コイキング,10.0,"[""みず""]","{:H=>20, :A=>10, :B=>55, :C=>15, :D=>20, :S=>80}","[""すいすい"", ""びびり""]"
130,ギャラドス,235.0,"[""みず"", ""ひこう""]","{:H=>95, :A=>125, :B=>79, :C=>60, :D=>100, :S=>81}","[""いかく"", ""じしんかじょう""]"
118,トサキント,15.0,"[""みず""]","{:H=>45, :A=>67, :B=>60, :C=>35, :D=>50, :S=>63}","[""すいすい"", ""みずのベール"", ""ひらいしん""]"
119,アズマオウ,39.0,"[""みず""]","{:H=>80, :A=>92, :B=>65, :C=>65, :D=>80, :S=>68}","[""すいすい"", ""みずのベール"", ""ひらいしん""]"
223,テッポウオ,12.0,"[""みず""]","{:H=>35, :A=>65, :B=>35, :C=>65, :D=>35, :S=>65}","[""はりきり"", ""スナイパー"", ""ムラっけ""]"
224,オクタン,28.5,"[""みず""]","{:H=>75, :A=>105, :B=>75, :C=>105, :D=>75, :S=>45}","[""きゅうばん"", ""スナイパー"", ""ムラっけ""]"
90,シェルダー,4.0,"[""みず""]","{:H=>30, :A=>65, :B=>100, :C=>45, :D=>25, :S=>40}","[""シェルアーマー"", ""スキルリンク"", ""ぼうじん""]"
91,パルシェン,132.5,"[""みず"", ""こおり""]","{:H=>50, :A=>95, :B=>180, :C=>85, :D=>45, :S=>70}","[""シェルアーマー"", ""スキルリンク"", ""ぼうじん""]"
349,ヒンバス,7.4,"[""みず""]","{:H=>20, :A=>15, :B=>20, :C=>10, :D=>55, :S=>80}","[""すいすい"", ""どんかん"", ""てきおうりょく""]"
350,ミロカロス,162.0,"[""みず""]","{:H=>95, :A=>60, :B=>79, :C=>100, :D=>125, :S=>81}","[""ふしぎなうろこ"", ""かちき"", ""メロメロボディ""]"
550,バスラオ,18.0,"[""みず""]","{:H=>70, :A=>92, :B=>65, :C=>80, :D=>55, :S=>98}","[""すてみ"", ""てきおうりょく"", ""かたやぶり""]"
746,ヨワシ,0.3,"[""みず""]","{:H=>45, :A=>20, :B=>20, :C=>25, :D=>25, :S=>40}","[""ぎょぐん""]"
771,ナマコブシ,1.2,"[""みず""]","{:H=>55, :A=>60, :B=>130, :C=>30, :D=>130, :S=>5}","[""とびだすなかみ"", ""てんねん""]"
568,ヤブクロン,31.0,"[""どく""]","{:H=>50, :A=>50, :B=>62, :C=>40, :D=>62, :S=>65}","[""あくしゅう"", ""ねんちゃく"", ""ゆうばく""]"
569,ダストダス,107.3,"[""どく""]","{:H=>80, :A=>95, :B=>82, :C=>60, :D=>82, :S=>75}","[""あくしゅう"", ""くだけるよろい"", ""ゆうばく""]"
850,ヤクデ,1.0,"[""ほのお"", ""むし""]","{:H=>50, :A=>65, :B=>45, :C=>50, :D=>50, :S=>45}","[""もらいび"", ""しろいけむり"", ""ほのおのからだ""]"
851,マルヤクデ,120.0,"[""ほのお"", ""むし""]","{:H=>100, :A=>115, :B=>65, :C=>90, :D=>90, :S=>65}","[""もらいび"", ""しろいけむり"", ""ほのおのからだ""]"
837,タンドン,12.0,"[""いわ""]","{:H=>30, :A=>40, :B=>50, :C=>40, :D=>50, :S=>30}","[""じょうききかん"", ""たいねつ"", ""もらいび""]"
838,トロッゴン,78.0,"[""いわ"", ""ほのお""]","{:H=>80, :A=>60, :B=>90, :C=>60, :D=>70, :S=>50}","[""じょうききかん"", ""ほのおのからだ"", ""もらいび""]"
839,セキタンザン,310.5,"[""いわ"", ""ほのお""]","{:H=>110, :A=>80, :B=>120, :C=>80, :D=>90, :S=>30}","[""じょうききかん"", ""ほのおのからだ"", ""もらいび""]"
50,ディグダ,0.8,"[""じめん""]","{:H=>10, :A=>55, :B=>25, :C=>35, :D=>45, :S=>95}","[""すながくれ"", ""ありじごく"", ""すなのちから""]"
51,ダグトリオ,33.3,"[""じめん""]","{:H=>35, :A=>100, :B=>50, :C=>50, :D=>70, :S=>120}","[""すながくれ"", ""ありじごく"", ""すなのちから""]"
529,モグリュー,8.5,"[""じめん""]","{:H=>60, :A=>85, :B=>40, :C=>30, :D=>45, :S=>68}","[""すなかき"", ""すなのちから"", ""かたやぶり""]"
530,ドリュウズ,40.4,"[""じめん"", ""はがね""]","{:H=>110, :A=>135, :B=>60, :C=>50, :D=>65, :S=>88}","[""すなかき"", ""すなのちから"", ""かたやぶり""]"
524,ダンゴロ,18.0,"[""いわ""]","{:H=>55, :A=>75, :B=>85, :C=>25, :D=>25, :S=>15}","[""がんじょう"", ""くだけるよろい"", ""すなのちから""]"
525,ガントル,102.0,"[""いわ""]","{:H=>70, :A=>105, :B=>105, :C=>50, :D=>40, :S=>20}","[""がんじょう"", ""くだけるよろい"", ""すなのちから""]"
526,ギガイアス,260.0,"[""いわ""]","{:H=>85, :A=>135, :B=>130, :C=>60, :D=>80, :S=>25}","[""がんじょう"", ""すなおこし"", ""すなのちから""]"
532,ドッコラー,12.5,"[""かくとう""]","{:H=>75, :A=>80, :B=>55, :C=>25, :D=>35, :S=>35}","[""こんじょう"", ""ちからずく"", ""てつのこぶし""]"
533,ドテッコツ,40.0,"[""かくとう""]","{:H=>85, :A=>105, :B=>85, :C=>40, :D=>50, :S=>40}","[""こんじょう"", ""ちからずく"", ""てつのこぶし""]"
534,ローブシン,87.0,"[""かくとう""]","{:H=>105, :A=>140, :B=>95, :C=>55, :D=>65, :S=>45}","[""こんじょう"", ""ちからずく"", ""てつのこぶし""]"
527,コロモリ,2.1,"[""エスパー"", ""ひこう""]","{:H=>65, :A=>45, :B=>43, :C=>55, :D=>43, :S=>72}","[""てんねん"", ""ぶきよう"", ""たんじゅん""]"
528,ココロモリ,10.5,"[""エスパー"", ""ひこう""]","{:H=>67, :A=>57, :B=>55, :C=>77, :D=>55, :S=>114}","[""てんねん"", ""ぶきよう"", ""たんじゅん""]"
714,オンバット,8.0,"[""ひこう"", ""ドラゴン""]","{:H=>40, :A=>30, :B=>35, :C=>45, :D=>40, :S=>55}","[""おみとおし"", ""すりぬけ"", ""テレパシー""]"
715,オンバーン,85.0,"[""ひこう"", ""ドラゴン""]","{:H=>85, :A=>70, :B=>80, :C=>97, :D=>80, :S=>123}","[""おみとおし"", ""すりぬけ"", ""テレパシー""]"
95,イワーク,210.0,"[""いわ"", ""じめん""]","{:H=>35, :A=>45, :B=>160, :C=>30, :D=>45, :S=>70}","[""いしあたま"", ""がんじょう"", ""くだけるよろい""]"
208,ハガネール,400.0,"[""はがね"", ""じめん""]","{:H=>75, :A=>85, :B=>200, :C=>55, :D=>65, :S=>30}","[""いしあたま"", ""がんじょう"", ""ちからずく""]"
846,サシカマス,1.0,"[""みず""]","{:H=>41, :A=>63, :B=>40, :C=>40, :D=>30, :S=>66}","[""すいすい"", ""スクリューおびれ""]"
847,カマスジョー,30.0,"[""みず""]","{:H=>61, :A=>123, :B=>60, :C=>60, :D=>50, :S=>136}","[""すいすい"", ""スクリューおびれ""]"
52,ニャース,4.2,"[""ノーマル""]","{:H=>40, :A=>45, :B=>35, :C=>40, :D=>40, :S=>90}","[""ものひろい"", ""テクニシャン"", ""きんちょうかん""]"
863,ニャイキング,28.0,"[""はがね""]","{:H=>70, :A=>110, :B=>100, :C=>50, :D=>60, :S=>50}","[""カブトアーマー"", ""かたいツメ"", ""はがねのせいしん""]"
53,ペルシアン,32.0,"[""ノーマル""]","{:H=>65, :A=>70, :B=>60, :C=>65, :D=>65, :S=>115}","[""じゅうなん"", ""テクニシャン"", ""きんちょうかん""]"
868,マホミル,0.3,"[""フェアリー""]","{:H=>45, :A=>40, :B=>40, :C=>50, :D=>61, :S=>34}","[""スイートベール"", ""アロマベール""]"
869,マホイップ,0.5,"[""フェアリー""]","{:H=>65, :A=>60, :B=>75, :C=>110, :D=>121, :S=>64}","[""スイートベール"", ""アロマベール""]"
742,アブリー,0.2,"[""むし"", ""フェアリー""]","{:H=>40, :A=>45, :B=>40, :C=>55, :D=>40, :S=>84}","[""みつあつめ"", ""りんぷん"", ""スイートベール""]"
743,アブリボン,0.5,"[""むし"", ""フェアリー""]","{:H=>60, :A=>55, :B=>60, :C=>95, :D=>70, :S=>124}","[""みつあつめ"", ""りんぷん"", ""スイートベール""]"
597,テッシード,18.8,"[""くさ"", ""はがね""]","{:H=>44, :A=>50, :B=>91, :C=>24, :D=>86, :S=>10}","[""てつのトゲ""]"
598,ナットレイ,110.0,"[""くさ"", ""はがね""]","{:H=>74, :A=>94, :B=>131, :C=>54, :D=>116, :S=>20}","[""てつのトゲ"", ""きけんよち""]"
710,バケッチャ,5.0,"[""ゴースト"", ""くさ""]","{:H=>49, :A=>66, :B=>70, :C=>44, :D=>55, :S=>51}","[""ものひろい"", ""おみとおし"", ""ふみん""]"
711,パンプジン,12.5,"[""ゴースト"", ""くさ""]","{:H=>65, :A=>90, :B=>122, :C=>58, :D=>75, :S=>84}","[""ものひろい"", ""おみとおし"", ""ふみん""]"
172,ピチュー,2.0,"[""でんき""]","{:H=>20, :A=>40, :B=>15, :C=>35, :D=>35, :S=>60}","[""せいでんき"", ""ひらいしん""]"
25,ピカチュウ,6.0,"[""でんき""]","{:H=>35, :A=>55, :B=>40, :C=>50, :D=>50, :S=>90}","[""せいでんき"", ""ひらいしん""]"
26,ライチュウ,30.0,"[""でんき""]","{:H=>60, :A=>90, :B=>55, :C=>90, :D=>80, :S=>110}","[""せいでんき"", ""ひらいしん""]"
133,イーブイ,6.5,"[""ノーマル""]","{:H=>55, :A=>55, :B=>50, :C=>45, :D=>65, :S=>55}","[""にげあし"", ""てきおうりょく"", ""きけんよち""]"
134,シャワーズ,29.0,"[""みず""]","{:H=>130, :A=>65, :B=>60, :C=>110, :D=>95, :S=>65}","[""ちょすい"", ""うるおいボディ""]"
135,サンダース,24.5,"[""でんき""]","{:H=>65, :A=>65, :B=>60, :C=>110, :D=>95, :S=>130}","[""ちくでん"", ""はやあし""]"
136,ブースター,25.0,"[""ほのお""]","{:H=>65, :A=>130, :B=>60, :C=>95, :D=>110, :S=>65}","[""もらいび"", ""こんじょう""]"
196,エーフィ,26.5,"[""エスパー""]","{:H=>65, :A=>65, :B=>60, :C=>130, :D=>95, :S=>110}","[""シンクロ"", ""マジックミラー""]"
197,ブラッキー,27.0,"[""あく""]","{:H=>95, :A=>65, :B=>110, :C=>60, :D=>130, :S=>65}","[""シンクロ"", ""せいしんりょく""]"
470,リーフィア,25.5,"[""くさ""]","{:H=>65, :A=>110, :B=>130, :C=>60, :D=>65, :S=>95}","[""リーフガード"", ""ようりょくそ""]"
471,グレイシア,25.9,"[""こおり""]","{:H=>65, :A=>60, :B=>110, :C=>130, :D=>95, :S=>65}","[""ゆきがくれ"", ""アイスボディ""]"
700,ニンフィア,23.5,"[""フェアリー""]","{:H=>95, :A=>65, :B=>65, :C=>110, :D=>130, :S=>60}","[""メロメロボディ"", ""フェアリースキン""]"
840,カジッチュ,0.5,"[""くさ"", ""ドラゴン""]","{:H=>40, :A=>40, :B=>80, :C=>40, :D=>40, :S=>20}","[""じゅくせい"", ""くいしんぼう"", ""ぼうだん""]"
841,アップリュー,1.0,"[""くさ"", ""ドラゴン""]","{:H=>70, :A=>110, :B=>80, :C=>95, :D=>60, :S=>70}","[""じゅくせい"", ""くいしんぼう"", ""はりきり""]"
842,タルップル,13.0,"[""くさ"", ""ドラゴン""]","{:H=>110, :A=>85, :B=>80, :C=>100, :D=>80, :S=>30}","[""じゅくせい"", ""くいしんぼう"", ""あついしぼう""]"
677,ニャスパー,3.5,"[""エスパー""]","{:H=>62, :A=>48, :B=>54, :C=>63, :D=>60, :S=>68}","[""するどいめ"", ""すりぬけ"", ""マイペース""]"
678,ニャオニクス,8.5,"[""エスパー""]","{:H=>74, :A=>48, :B=>76, :C=>83, :D=>81, :S=>104}","[""するどいめ"", ""すりぬけ"", ""いたずらごころ""]"
684,ペロッパフ,3.5,"[""フェアリー""]","{:H=>62, :A=>48, :B=>66, :C=>59, :D=>57, :S=>49}","[""スイートベール"", ""かるわざ""]"
685,ペロリーム,5.0,"[""フェアリー""]","{:H=>82, :A=>80, :B=>86, :C=>85, :D=>75, :S=>72}","[""スイートベール"", ""かるわざ""]"
682,シュシュプ,0.5,"[""フェアリー""]","{:H=>78, :A=>52, :B=>60, :C=>63, :D=>65, :S=>23}","[""いやしのこころ"", ""アロマベール""]"
683,フレフワン,15.5,"[""フェアリー""]","{:H=>101, :A=>72, :B=>72, :C=>99, :D=>89, :S=>29}","[""いやしのこころ"", ""アロマベール""]"
751,シズクモ,4.0,"[""みず"", ""むし""]","{:H=>38, :A=>40, :B=>52, :C=>40, :D=>72, :S=>27}","[""すいほう"", ""ちょすい""]"
752,オニシズクモ,82.0,"[""みず"", ""むし""]","{:H=>68, :A=>70, :B=>92, :C=>50, :D=>132, :S=>42}","[""すいほう"", ""ちょすい""]"
360,ソーナノ,14.0,"[""エスパー""]","{:H=>95, :A=>23, :B=>48, :C=>23, :D=>48, :S=>23}","[""かげふみ"", ""テレパシー""]"
202,ソーナンス,28.5,"[""エスパー""]","{:H=>190, :A=>33, :B=>58, :C=>33, :D=>58, :S=>33}","[""かげふみ"", ""テレパシー""]"
83,カモネギ,42.0,"[""かくとう""]","{:H=>52, :A=>95, :B=>55, :C=>58, :D=>62, :S=>55}","[""ふくつのこころ"", ""きもったま""]"
865,ネギガナイト,117.0,"[""かくとう""]","{:H=>62, :A=>135, :B=>95, :C=>68, :D=>82, :S=>65}","[""ふくつのこころ"", ""きもったま""]"
170,チョンチー,12.0,"[""みず"", ""でんき""]","{:H=>75, :A=>38, :B=>38, :C=>56, :D=>56, :S=>67}","[""ちくでん"", ""はっこう"", ""ちょすい""]"
171,ランターン,22.5,"[""みず"", ""でんき""]","{:H=>125, :A=>58, :B=>58, :C=>76, :D=>76, :S=>67}","[""ちくでん"", ""はっこう"", ""ちょすい""]"
453,グレッグル,23.0,"[""どく"", ""かくとう""]","{:H=>48, :A=>61, :B=>40, :C=>61, :D=>40, :S=>50}","[""きけんよち"", ""かんそうはだ"", ""どくしゅ""]"
454,ドクロッグ,44.4,"[""どく"", ""かくとう""]","{:H=>83, :A=>106, :B=>65, :C=>86, :D=>65, :S=>85}","[""きけんよち"", ""かんそうはだ"", ""どくしゅ""]"
559,ズルッグ,11.8,"[""あく"", ""かくとう""]","{:H=>50, :A=>75, :B=>70, :C=>35, :D=>70, :S=>48}","[""だっぴ"", ""じしんかじょう"", ""いかく""]"
560,ズルズキン,30.0,"[""あく"", ""かくとう""]","{:H=>65, :A=>90, :B=>115, :C=>45, :D=>115, :S=>58}","[""だっぴ"", ""じしんかじょう"", ""いかく""]"
618,マッギョ,20.5,"[""じめん"", ""はがね""]","{:H=>109, :A=>81, :B=>99, :C=>66, :D=>84, :S=>32}","[""ぎたい""]"
213,ツボツボ,20.5,"[""むし"", ""いわ""]","{:H=>20, :A=>10, :B=>230, :C=>10, :D=>230, :S=>5}","[""がんじょう"", ""くいしんぼう"", ""あまのじゃく""]"
339,ドジョッチ,1.9,"[""みず"", ""じめん""]","{:H=>50, :A=>48, :B=>43, :C=>46, :D=>41, :S=>60}","[""どんかん"", ""きけんよち"", ""うるおいボディ""]"
340,ナマズン,23.6,"[""みず"", ""じめん""]","{:H=>110, :A=>78, :B=>73, :C=>76, :D=>71, :S=>60}","[""どんかん"", ""きけんよち"", ""うるおいボディ""]"
422,カラナクシ,6.3,"[""みず""]","{:H=>76, :A=>48, :B=>48, :C=>57, :D=>62, :S=>34}","[""ねんちゃく"", ""よびみず"", ""すなのちから""]"
423,トリトドン,29.9,"[""みず"", ""じめん""]","{:H=>111, :A=>83, :B=>68, :C=>92, :D=>82, :S=>39}","[""ねんちゃく"", ""よびみず"", ""すなのちから""]"
767,コソクムシ,12.0,"[""むし"", ""みず""]","{:H=>25, :A=>35, :B=>40, :C=>20, :D=>30, :S=>80}","[""にげごし""]"
768,グソクムシャ,108.0,"[""むし"", ""みず""]","{:H=>75, :A=>125, :B=>140, :C=>60, :D=>90, :S=>40}","[""ききかいひ""]"
688,カメテテ,31.0,"[""いわ"", ""みず""]","{:H=>42, :A=>52, :B=>67, :C=>39, :D=>56, :S=>50}","[""かたいツメ"", ""スナイパー"", ""わるいてぐせ""]"
689,ガメノデス,96.0,"[""いわ"", ""みず""]","{:H=>72, :A=>105, :B=>115, :C=>54, :D=>86, :S=>68}","[""かたいツメ"", ""スナイパー"", ""わるいてぐせ""]"
222,サニーゴ,0.5,"[""ゴースト""]","{:H=>60, :A=>55, :B=>100, :C=>65, :D=>100, :S=>30}","[""くだけるよろい"", ""のろわれボディ""]"
864,サニゴーン,0.4,"[""ゴースト""]","{:H=>60, :A=>95, :B=>50, :C=>145, :D=>130, :S=>30}","[""くだけるよろい"", ""ほろびのボディ""]"
859,ベロバー,5.5,"[""あく"", ""フェアリー""]","{:H=>45, :A=>45, :B=>30, :C=>55, :D=>40, :S=>50}","[""いたずらごころ"", ""おみとおし"", ""わるいてぐせ""]"
860,ギモー,12.5,"[""あく"", ""フェアリー""]","{:H=>65, :A=>60, :B=>45, :C=>75, :D=>55, :S=>70}","[""いたずらごころ"", ""おみとおし"", ""わるいてぐせ""]"
861,オーロンゲ,61.0,"[""あく"", ""フェアリー""]","{:H=>95, :A=>120, :B=>65, :C=>95, :D=>75, :S=>60}","[""いたずらごころ"", ""おみとおし"", ""わるいてぐせ""]"
856,ミブリム,3.4,"[""エスパー""]","{:H=>42, :A=>30, :B=>45, :C=>56, :D=>53, :S=>39}","[""いやしのこころ"", ""きけんよち"", ""マジックミラー""]"
857,テブリム,4.8,"[""エスパー""]","{:H=>57, :A=>40, :B=>65, :C=>86, :D=>73, :S=>49}","[""いやしのこころ"", ""きけんよち"", ""マジックミラー""]"
858,ブリムオン,5.1,"[""エスパー"", ""フェアリー""]","{:H=>57, :A=>90, :B=>95, :C=>136, :D=>103, :S=>29}","[""いやしのこころ"", ""きけんよち"", ""マジックミラー""]"
757,ヤトウモリ,4.8,"[""どく"", ""ほのお""]","{:H=>48, :A=>44, :B=>40, :C=>71, :D=>40, :S=>77}","[""ふしょく"", ""どんかん""]"
758,エンニュート,22.2,"[""どく"", ""ほのお""]","{:H=>68, :A=>64, :B=>60, :C=>111, :D=>60, :S=>117}","[""ふしょく"", ""どんかん""]"
624,コマタナ,10.2,"[""あく"", ""はがね""]","{:H=>45, :A=>85, :B=>70, :C=>40, :D=>40, :S=>60}","[""まけんき"", ""せいしんりょく"", ""プレッシャー""]"
625,キリキザン,70.0,"[""あく"", ""はがね""]","{:H=>65, :A=>125, :B=>100, :C=>60, :D=>70, :S=>70}","[""まけんき"", ""せいしんりょく"", ""プレッシャー""]"
538,ナゲキ,55.5,"[""かくとう""]","{:H=>120, :A=>100, :B=>85, :C=>30, :D=>85, :S=>45}","[""こんじょう"", ""せいしんりょく"", ""かたやぶり""]"
539,ダゲキ,51.0,"[""かくとう""]","{:H=>75, :A=>125, :B=>75, :C=>30, :D=>75, :S=>85}","[""がんじょう"", ""せいしんりょく"", ""かたやぶり""]"
109,ドガース,1.0,"[""どく""]","{:H=>40, :A=>65, :B=>95, :C=>60, :D=>45, :S=>35}","[""ふゆう"", ""かがくへんかガス"", ""あくしゅう""]"
110,マタドガス,16.0,"[""どく"", ""フェアリー""]","{:H=>65, :A=>90, :B=>120, :C=>85, :D=>70, :S=>60}","[""ふゆう"", ""かがくへんかガス"", ""ミストメイカー""]"
438,ウソハチ,15.0,"[""いわ""]","{:H=>50, :A=>80, :B=>95, :C=>10, :D=>45, :S=>10}","[""がんじょう"", ""いしあたま"", ""びびり""]"
185,ウソッキー,38.0,"[""いわ""]","{:H=>70, :A=>100, :B=>115, :C=>30, :D=>65, :S=>30}","[""がんじょう"", ""いしあたま"", ""びびり""]"
173,ピィ,3.0,"[""フェアリー""]","{:H=>50, :A=>25, :B=>28, :C=>45, :D=>55, :S=>15}","[""メロメロボディ"", ""マジックガード"", ""フレンドガード""]"
35,ピッピ,7.5,"[""フェアリー""]","{:H=>70, :A=>45, :B=>48, :C=>60, :D=>65, :S=>35}","[""メロメロボディ"", ""マジックガード"", ""フレンドガード""]"
36,ピクシー,40.0,"[""フェアリー""]","{:H=>95, :A=>70, :B=>73, :C=>95, :D=>90, :S=>60}","[""メロメロボディ"", ""マジックガード"", ""てんねん""]"
175,トゲピー,1.5,"[""フェアリー""]","{:H=>35, :A=>20, :B=>65, :C=>40, :D=>65, :S=>20}","[""はりきり"", ""てんのめぐみ"", ""きょううん""]"
176,トゲチック,3.2,"[""フェアリー"", ""ひこう""]","{:H=>55, :A=>40, :B=>85, :C=>80, :D=>105, :S=>40}","[""はりきり"", ""てんのめぐみ"", ""きょううん""]"
468,トゲキッス,38.0,"[""フェアリー"", ""ひこう""]","{:H=>85, :A=>50, :B=>95, :C=>120, :D=>115, :S=>80}","[""はりきり"", ""てんのめぐみ"", ""きょううん""]"
446,ゴンベ,105.0,"[""ノーマル""]","{:H=>135, :A=>85, :B=>40, :C=>40, :D=>85, :S=>5}","[""ものひろい"", ""あついしぼう"", ""くいしんぼう""]"
143,カビゴン,460.0,"[""ノーマル""]","{:H=>160, :A=>110, :B=>65, :C=>65, :D=>110, :S=>30}","[""めんえき"", ""あついしぼう"", ""くいしんぼう""]"
546,モンメン,0.6,"[""くさ"", ""フェアリー""]","{:H=>40, :A=>27, :B=>60, :C=>37, :D=>50, :S=>66}","[""いたずらごころ"", ""すりぬけ"", ""ようりょくそ""]"
547,エルフーン,6.6,"[""くさ"", ""フェアリー""]","{:H=>60, :A=>67, :B=>85, :C=>77, :D=>75, :S=>116}","[""いたずらごころ"", ""すりぬけ"", ""ようりょくそ""]"
111,サイホーン,115.0,"[""じめん"", ""いわ""]","{:H=>80, :A=>85, :B=>95, :C=>30, :D=>30, :S=>25}","[""ひらいしん"", ""いしあたま"", ""すてみ""]"
112,サイドン,120.0,"[""じめん"", ""いわ""]","{:H=>105, :A=>130, :B=>120, :C=>45, :D=>45, :S=>40}","[""ひらいしん"", ""いしあたま"", ""すてみ""]"
464,ドサイドン,282.8,"[""じめん"", ""いわ""]","{:H=>115, :A=>140, :B=>130, :C=>55, :D=>55, :S=>40}","[""ひらいしん"", ""ハードロック"", ""すてみ""]"
574,ゴチム,5.8,"[""エスパー""]","{:H=>45, :A=>30, :B=>50, :C=>55, :D=>65, :S=>45}","[""おみとおし"", ""かちき"", ""かげふみ""]"
575,ゴチミル,18.0,"[""エスパー""]","{:H=>60, :A=>45, :B=>70, :C=>75, :D=>85, :S=>55}","[""おみとおし"", ""かちき"", ""かげふみ""]"
576,ゴチルゼル,44.0,"[""エスパー""]","{:H=>70, :A=>55, :B=>95, :C=>95, :D=>110, :S=>65}","[""おみとおし"", ""かちき"", ""かげふみ""]"
577,ユニラン,1.0,"[""エスパー""]","{:H=>45, :A=>30, :B=>40, :C=>105, :D=>50, :S=>20}","[""ぼうじん"", ""マジックガード"", ""さいせいりょく""]"
578,ダブラン,8.0,"[""エスパー""]","{:H=>65, :A=>40, :B=>50, :C=>125, :D=>60, :S=>30}","[""ぼうじん"", ""マジックガード"", ""さいせいりょく""]"
579,ランクルス,20.1,"[""エスパー""]","{:H=>110, :A=>65, :B=>75, :C=>125, :D=>85, :S=>30}","[""ぼうじん"", ""マジックガード"", ""さいせいりょく""]"
588,カブルモ,5.9,"[""むし""]","{:H=>50, :A=>75, :B=>45, :C=>40, :D=>45, :S=>60}","[""むしのしらせ"", ""だっぴ"", ""ノーガード""]"
589,シュバルゴ,33.0,"[""むし"", ""はがね""]","{:H=>70, :A=>135, :B=>105, :C=>60, :D=>105, :S=>20}","[""むしのしらせ"", ""シェルアーマー"", ""ぼうじん""]"
616,チョボマキ,7.7,"[""むし""]","{:H=>50, :A=>40, :B=>85, :C=>40, :D=>65, :S=>25}","[""うるおいボディ"", ""シェルアーマー"", ""ぼうじん""]"
617,アギルダー,25.3,"[""むし""]","{:H=>80, :A=>70, :B=>40, :C=>100, :D=>60, :S=>145}","[""うるおいボディ"", ""ねんちゃく"", ""かるわざ""]"
605,リグレー,9.0,"[""エスパー""]","{:H=>55, :A=>55, :B=>55, :C=>85, :D=>55, :S=>30}","[""テレパシー"", ""シンクロ"", ""アナライズ""]"
606,オーベム,34.5,"[""エスパー""]","{:H=>75, :A=>75, :B=>75, :C=>125, :D=>95, :S=>40}","[""テレパシー"", ""シンクロ"", ""アナライズ""]"
613,クマシュン,8.5,"[""こおり""]","{:H=>55, :A=>70, :B=>40, :C=>60, :D=>40, :S=>40}","[""ゆきがくれ"", ""ゆきかき"", ""びびり""]"
614,ツンベアー,260.0,"[""こおり""]","{:H=>95, :A=>130, :B=>80, :C=>70, :D=>80, :S=>50}","[""ゆきがくれ"", ""ゆきかき"", ""すいすい""]"
627,ワシボン,10.5,"[""ノーマル"", ""ひこう""]","{:H=>70, :A=>83, :B=>50, :C=>37, :D=>50, :S=>60}","[""するどいめ"", ""ちからずく"", ""はりきり""]"
628,ウォーグル,41.0,"[""ノーマル"", ""ひこう""]","{:H=>100, :A=>123, :B=>75, :C=>57, :D=>75, :S=>80}","[""するどいめ"", ""ちからずく"", ""まけんき""]"
629,バルチャイ,9.0,"[""あく"", ""ひこう""]","{:H=>70, :A=>55, :B=>75, :C=>45, :D=>65, :S=>60}","[""はとむね"", ""ぼうじん"", ""くだけるよろい""]"
630,バルジーナ,39.5,"[""あく"", ""ひこう""]","{:H=>110, :A=>65, :B=>105, :C=>55, :D=>95, :S=>80}","[""はとむね"", ""ぼうじん"", ""くだけるよろい""]"
451,スコルピ,12.0,"[""どく"", ""むし""]","{:H=>40, :A=>50, :B=>90, :C=>30, :D=>55, :S=>65}","[""カブトアーマー"", ""スナイパー"", ""するどいめ""]"
452,ドラピオン,61.5,"[""どく"", ""あく""]","{:H=>70, :A=>90, :B=>110, :C=>60, :D=>75, :S=>95}","[""カブトアーマー"", ""スナイパー"", ""するどいめ""]"
607,ヒトモシ,3.1,"[""ゴースト"", ""ほのお""]","{:H=>50, :A=>30, :B=>55, :C=>65, :D=>55, :S=>20}","[""もらいび"", ""ほのおのからだ"", ""すりぬけ""]"
608,ランプラー,13.0,"[""ゴースト"", ""ほのお""]","{:H=>60, :A=>40, :B=>60, :C=>95, :D=>60, :S=>55}","[""もらいび"", ""ほのおのからだ"", ""すりぬけ""]"
609,シャンデラ,34.3,"[""ゴースト"", ""ほのお""]","{:H=>60, :A=>55, :B=>90, :C=>145, :D=>90, :S=>80}","[""もらいび"", ""ほのおのからだ"", ""すりぬけ""]"
686,マーイーカ,3.5,"[""あく"", ""エスパー""]","{:H=>53, :A=>54, :B=>53, :C=>37, :D=>46, :S=>45}","[""あまのじゃく"", ""きゅうばん"", ""すりぬけ""]"
687,カラマネロ,47.0,"[""あく"", ""エスパー""]","{:H=>86, :A=>92, :B=>88, :C=>68, :D=>75, :S=>73}","[""あまのじゃく"", ""きゅうばん"", ""すりぬけ""]"
215,ニューラ,28.0,"[""あく"", ""こおり""]","{:H=>55, :A=>95, :B=>55, :C=>35, :D=>75, :S=>115}","[""せいしんりょく"", ""するどいめ"", ""わるいてぐせ""]"
461,マニューラ,34.0,"[""あく"", ""こおり""]","{:H=>70, :A=>120, :B=>65, :C=>45, :D=>85, :S=>125}","[""プレッシャー"", ""わるいてぐせ""]"
302,ヤミラミ,11.0,"[""あく"", ""ゴースト""]","{:H=>50, :A=>75, :B=>75, :C=>65, :D=>65, :S=>50}","[""するどいめ"", ""あとだし"", ""いたずらごころ""]"
303,クチート,11.5,"[""はがね"", ""フェアリー""]","{:H=>50, :A=>85, :B=>85, :C=>55, :D=>55, :S=>50}","[""かいりきバサミ"", ""いかく"", ""ちからずく""]"
556,マラカッチ,28.0,"[""くさ""]","{:H=>75, :A=>86, :B=>67, :C=>106, :D=>67, :S=>60}","[""ちょすい"", ""ようりょくそ"", ""よびみず""]"
561,シンボラー,14.0,"[""エスパー"", ""ひこう""]","{:H=>72, :A=>58, :B=>80, :C=>103, :D=>80, :S=>97}","[""ミラクルスキン"", ""マジックガード"", ""いろめがね""]"
447,リオル,20.2,"[""かくとう""]","{:H=>40, :A=>70, :B=>40, :C=>35, :D=>40, :S=>60}","[""ふくつのこころ"", ""せいしんりょく"", ""いたずらごころ""]"
448,ルカリオ,54.0,"[""かくとう"", ""はがね""]","{:H=>70, :A=>110, :B=>70, :C=>115, :D=>70, :S=>90}","[""ふくつのこころ"", ""せいしんりょく"", ""せいぎのこころ""]"
324,コータス,80.4,"[""ほのお""]","{:H=>70, :A=>85, :B=>140, :C=>85, :D=>70, :S=>20}","[""しろいけむり"", ""ひでり"", ""シェルアーマー""]"
778,ミミッキュ,0.7,"[""ゴースト"", ""フェアリー""]","{:H=>55, :A=>90, :B=>80, :C=>50, :D=>105, :S=>96}","[""ばけのかわ""]"
878,ゾウドウ,100.0,"[""はがね""]","{:H=>72, :A=>80, :B=>49, :C=>40, :D=>49, :S=>40}","[""ちからずく"", ""ヘヴィメタル""]"
879,ダイオウドウ,650.0,"[""はがね""]","{:H=>122, :A=>130, :B=>69, :C=>80, :D=>69, :S=>30}","[""ちからずく"", ""ヘヴィメタル""]"
211,ハリーセン,3.9,"[""みず"", ""どく""]","{:H=>65, :A=>95, :B=>85, :C=>55, :D=>55, :S=>85}","[""どくのトゲ"", ""すいすい"", ""いかく""]"
592,プルリル,33.0,"[""みず"", ""ゴースト""]","{:H=>55, :A=>40, :B=>50, :C=>65, :D=>85, :S=>40}","[""ちょすい"", ""のろわれボディ"", ""しめりけ""]"
593,ブルンゲル,135.0,"[""みず"", ""ゴースト""]","{:H=>100, :A=>60, :B=>70, :C=>85, :D=>105, :S=>60}","[""ちょすい"", ""のろわれボディ"", ""しめりけ""]"
747,ヒドイデ,8.0,"[""どく"", ""みず""]","{:H=>50, :A=>53, :B=>62, :C=>43, :D=>52, :S=>45}","[""ひとでなし"", ""じゅうなん"", ""さいせいりょく""]"
748,ドヒドイデ,14.5,"[""どく"", ""みず""]","{:H=>50, :A=>63, :B=>152, :C=>53, :D=>142, :S=>35}","[""ひとでなし"", ""じゅうなん"", ""さいせいりょく""]"
845,ウッウ,18.0,"[""ひこう"", ""みず""]","{:H=>70, :A=>85, :B=>55, :C=>85, :D=>95, :S=>85}","[""うのミサイル""]"
848,エレズン,11.0,"[""でんき"", ""どく""]","{:H=>40, :A=>38, :B=>35, :C=>54, :D=>35, :S=>40}","[""びびり"", ""せいでんき"", ""ぶきよう""]"
849,ストリンダー,40.0,"[""でんき"", ""どく""]","{:H=>75, :A=>98, :B=>70, :C=>114, :D=>70, :S=>75}","[""パンクロック"", ""プラス"", ""テクニシャン""]"
843,スナヘビ,7.6,"[""じめん""]","{:H=>52, :A=>57, :B=>75, :C=>35, :D=>50, :S=>46}","[""すなはき"", ""だっぴ"", ""すながくれ""]"
844,サダイジャ,65.5,"[""じめん""]","{:H=>72, :A=>107, :B=>125, :C=>65, :D=>70, :S=>71}","[""すなはき"", ""だっぴ"", ""すながくれ""]"
449,ヒポポタス,49.5,"[""じめん""]","{:H=>68, :A=>72, :B=>78, :C=>38, :D=>42, :S=>32}","[""すなおこし"", ""すなのちから""]"
450,カバルドン,300.0,"[""じめん""]","{:H=>108, :A=>112, :B=>118, :C=>68, :D=>72, :S=>47}","[""すなおこし"", ""すなのちから""]"
632,アイアント,33.0,"[""むし"", ""はがね""]","{:H=>58, :A=>109, :B=>112, :C=>48, :D=>48, :S=>109}","[""むしのしらせ"", ""はりきり"", ""なまけ""]"
631,クイタラン,58.0,"[""ほのお""]","{:H=>85, :A=>97, :B=>66, :C=>105, :D=>66, :S=>65}","[""くいしんぼう"", ""もらいび"", ""しろいけむり""]"
694,エリキテル,6.0,"[""でんき"", ""ノーマル""]","{:H=>44, :A=>38, :B=>33, :C=>61, :D=>43, :S=>70}","[""かんそうはだ"", ""すながくれ"", ""サンパワー""]"
695,エレザード,21.0,"[""でんき"", ""ノーマル""]","{:H=>62, :A=>55, :B=>52, :C=>109, :D=>94, :S=>109}","[""かんそうはだ"", ""すながくれ"", ""サンパワー""]"
701,ルチャブル,21.5,"[""かくとう"", ""ひこう""]","{:H=>78, :A=>92, :B=>75, :C=>74, :D=>63, :S=>118}","[""じゅうなん"", ""かるわざ"", ""かたやぶり""]"
328,ナックラー,15.0,"[""じめん""]","{:H=>45, :A=>100, :B=>45, :C=>45, :D=>45, :S=>10}","[""かいりきバサミ"", ""ありじごく"", ""ちからずく""]"
329,ビブラーバ,15.3,"[""じめん"", ""ドラゴン""]","{:H=>50, :A=>70, :B=>50, :C=>50, :D=>50, :S=>70}","[""ふゆう""]"
330,フライゴン,82.0,"[""じめん"", ""ドラゴン""]","{:H=>80, :A=>100, :B=>80, :C=>80, :D=>80, :S=>100}","[""ふゆう""]"
610,キバゴ,18.0,"[""ドラゴン""]","{:H=>46, :A=>87, :B=>60, :C=>30, :D=>40, :S=>57}","[""とうそうしん"", ""かたやぶり"", ""きんちょうかん""]"
611,オノンド,36.0,"[""ドラゴン""]","{:H=>66, :A=>117, :B=>70, :C=>40, :D=>50, :S=>67}","[""とうそうしん"", ""かたやぶり"", ""きんちょうかん""]"
612,オノノクス,105.5,"[""ドラゴン""]","{:H=>76, :A=>147, :B=>90, :C=>60, :D=>70, :S=>97}","[""とうそうしん"", ""かたやぶり"", ""きんちょうかん""]"
562,デスマス,1.5,"[""ゴースト""]","{:H=>38, :A=>30, :B=>85, :C=>55, :D=>65, :S=>30}","[""ミイラ""]"
867,デスバーン,66.6,"[""じめん"", ""ゴースト""]","{:H=>58, :A=>95, :B=>145, :C=>50, :D=>105, :S=>30}","[""さまようたましい""]"
563,デスカーン,76.5,"[""ゴースト""]","{:H=>58, :A=>50, :B=>145, :C=>95, :D=>105, :S=>30}","[""ミイラ""]"
679,ヒトツキ,2.0,"[""はがね"", ""ゴースト""]","{:H=>45, :A=>80, :B=>100, :C=>35, :D=>37, :S=>28}","[""ノーガード""]"
680,ニダンギル,4.5,"[""はがね"", ""ゴースト""]","{:H=>59, :A=>110, :B=>150, :C=>45, :D=>49, :S=>35}","[""ノーガード""]"
681,ギルガルド,53.0,"[""はがね"", ""ゴースト""]","{:H=>60, :A=>50, :B=>140, :C=>50, :D=>140, :S=>60}","[""バトルスイッチ""]"
77,ポニータ,24.0,"[""エスパー""]","{:H=>50, :A=>85, :B=>55, :C=>65, :D=>65, :S=>90}","[""にげあし"", ""パステルベール"", ""きけんよち""]"
78,ギャロップ,80.0,"[""エスパー"", ""フェアリー""]","{:H=>65, :A=>100, :B=>70, :C=>80, :D=>80, :S=>105}","[""にげあし"", ""パステルベール"", ""きけんよち""]"
854,ヤバチャ,0.2,"[""ゴースト""]","{:H=>40, :A=>45, :B=>45, :C=>74, :D=>54, :S=>50}","[""くだけるよろい"", ""のろわれボディ""]"
855,ポットデス,0.4,"[""ゴースト""]","{:H=>60, :A=>65, :B=>65, :C=>134, :D=>114, :S=>70}","[""くだけるよろい"", ""のろわれボディ""]"
876,イエッサン,28.0,"[""エスパー"", ""ノーマル""]","{:H=>60, :A=>65, :B=>55, :C=>105, :D=>95, :S=>95}","[""せいしんりょく"", ""シンクロ"", ""サイコメイカー""]"
708,ボクレー,7.0,"[""ゴースト"", ""くさ""]","{:H=>43, :A=>70, :B=>48, :C=>50, :D=>60, :S=>38}","[""しぜんかいふく"", ""おみとおし"", ""しゅうかく""]"
709,オーロット,71.0,"[""ゴースト"", ""くさ""]","{:H=>85, :A=>110, :B=>76, :C=>65, :D=>82, :S=>56}","[""しぜんかいふく"", ""おみとおし"", ""しゅうかく""]"
755,ネマシュ,1.5,"[""くさ"", ""フェアリー""]","{:H=>40, :A=>35, :B=>55, :C=>65, :D=>75, :S=>15}","[""はっこう"", ""ほうし"", ""あめうけざら""]"
756,マシェード,11.5,"[""くさ"", ""フェアリー""]","{:H=>60, :A=>45, :B=>80, :C=>90, :D=>100, :S=>30}","[""はっこう"", ""ほうし"", ""あめうけざら""]"
765,ヤレユータン,76.0,"[""ノーマル"", ""エスパー""]","{:H=>90, :A=>60, :B=>80, :C=>90, :D=>110, :S=>60}","[""せいしんりょく"", ""テレパシー"", ""きょうせい""]"
766,ナゲツケサル,82.8,"[""かくとう""]","{:H=>100, :A=>120, :B=>90, :C=>40, :D=>60, :S=>80}","[""レシーバー"", ""まけんき""]"
877,モルペコ,3.0,"[""でんき"", ""あく""]","{:H=>58, :A=>95, :B=>58, :C=>70, :D=>58, :S=>97}","[""はらぺこスイッチ""]"
870,タイレーツ,62.0,"[""かくとう""]","{:H=>65, :A=>100, :B=>100, :C=>70, :D=>60, :S=>75}","[""カブトアーマー"", ""まけんき""]"
780,ジジーロン,185.0,"[""ノーマル"", ""ドラゴン""]","{:H=>78, :A=>60, :B=>85, :C=>135, :D=>91, :S=>36}","[""ぎゃくじょう"", ""そうしょく"", ""ノーてんき""]"
776,バクガメス,212.0,"[""ほのお"", ""ドラゴン""]","{:H=>60, :A=>78, :B=>135, :C=>91, :D=>85, :S=>36}","[""シェルアーマー""]"
777,トゲデマル,3.3,"[""でんき"", ""はがね""]","{:H=>65, :A=>98, :B=>63, :C=>40, :D=>73, :S=>96}","[""てつのトゲ"", ""ひらいしん"", ""がんじょう""]"
872,ユキハミ,3.8,"[""こおり"", ""むし""]","{:H=>30, :A=>25, :B=>35, :C=>45, :D=>30, :S=>20}","[""りんぷん"", ""こおりのりんぷん""]"
873,モスノウ,42.0,"[""こおり"", ""むし""]","{:H=>70, :A=>65, :B=>60, :C=>125, :D=>90, :S=>65}","[""りんぷん"", ""こおりのりんぷん""]"
852,タタッコ,4.0,"[""かくとう""]","{:H=>50, :A=>68, :B=>60, :C=>50, :D=>50, :S=>32}","[""じゅうなん"", ""テクニシャン""]"
853,オトスパス,39.0,"[""かくとう""]","{:H=>80, :A=>118, :B=>90, :C=>70, :D=>80, :S=>42}","[""じゅうなん"", ""テクニシャン""]"
871,バチンウニ,1.0,"[""でんき""]","{:H=>48, :A=>101, :B=>95, :C=>91, :D=>85, :S=>15}","[""ひらいしん"", ""エレキメイカー""]"
458,タマンタ,65.0,"[""みず"", ""ひこう""]","{:H=>45, :A=>20, :B=>50, :C=>60, :D=>120, :S=>50}","[""すいすい"", ""ちょすい"", ""みずのベール""]"
226,マンタイン,220.0,"[""みず"", ""ひこう""]","{:H=>85, :A=>40, :B=>70, :C=>80, :D=>140, :S=>70}","[""すいすい"", ""ちょすい"", ""みずのベール""]"
320,ホエルコ,130.0,"[""みず""]","{:H=>130, :A=>70, :B=>35, :C=>70, :D=>35, :S=>60}","[""みずのベール"", ""どんかん"", ""プレッシャー""]"
321,ホエルオー,398.0,"[""みず""]","{:H=>170, :A=>90, :B=>45, :C=>90, :D=>45, :S=>60}","[""みずのベール"", ""どんかん"", ""プレッシャー""]"
712,カチコール,99.5,"[""こおり""]","{:H=>55, :A=>69, :B=>85, :C=>32, :D=>35, :S=>28}","[""マイペース"", ""アイスボディ"", ""がんじょう""]"
713,クレベース,505.0,"[""こおり""]","{:H=>95, :A=>117, :B=>184, :C=>44, :D=>46, :S=>28}","[""マイペース"", ""アイスボディ"", ""がんじょう""]"
781,ダダリン,210.0,"[""ゴースト"", ""くさ""]","{:H=>70, :A=>131, :B=>100, :C=>86, :D=>90, :S=>40}","[""はがねつかい""]"
131,ラプラス,220.0,"[""みず"", ""こおり""]","{:H=>130, :A=>85, :B=>80, :C=>85, :D=>95, :S=>60}","[""ちょすい"", ""シェルアーマー"", ""うるおいボディ""]"
337,ルナトーン,168.0,"[""いわ"", ""エスパー""]","{:H=>90, :A=>55, :B=>65, :C=>95, :D=>85, :S=>70}","[""ふゆう""]"
338,ソルロック,154.0,"[""いわ"", ""エスパー""]","{:H=>90, :A=>95, :B=>85, :C=>55, :D=>65, :S=>70}","[""ふゆう""]"
439,マネネ,13.0,"[""エスパー"", ""フェアリー""]","{:H=>20, :A=>25, :B=>45, :C=>70, :D=>90, :S=>60}","[""ぼうおん"", ""フィルター"", ""テクニシャン""]"
122,バリヤード,54.5,"[""エスパー"", ""フェアリー""]","{:H=>40, :A=>45, :B=>65, :C=>100, :D=>120, :S=>90}","[""ぼうおん"", ""フィルター"", ""テクニシャン""]"
866,バリコオル,58.2,"[""こおり"", ""エスパー""]","{:H=>80, :A=>85, :B=>75, :C=>110, :D=>100, :S=>70}","[""ちどりあし"", ""バリアフリー"", ""アイスボディ""]"
554,ダルマッカ,40.0,"[""こおり""]","{:H=>70, :A=>90, :B=>45, :C=>15, :D=>45, :S=>50}","[""はりきり"", ""せいしんりょく""]"
555,ヒヒダルマ,120.0,"[""こおり""]","{:H=>105, :A=>140, :B=>55, :C=>30, :D=>55, :S=>95}","[""ごりむちゅう"", ""ダルマモード""]"
874,イシヘンジン,520.0,"[""いわ""]","{:H=>100, :A=>125, :B=>135, :C=>20, :D=>20, :S=>70}","[""パワースポット""]"
875,コオリッポ,89.0,"[""こおり""]","{:H=>75, :A=>80, :B=>110, :C=>65, :D=>90, :S=>50}","[""アイスフェイス""]"
884,ジュラルドン,40.0,"[""はがね"", ""ドラゴン""]","{:H=>70, :A=>95, :B=>115, :C=>120, :D=>50, :S=>85}","[""ライトメタル"", ""ヘヴィメタル"", ""すじがねいり""]"
479,ロトム,0.3,"[""でんき"", ""ゴースト""]","{:H=>50, :A=>50, :B=>77, :C=>95, :D=>77, :S=>91}","[""ふゆう""]"
132,メタモン,4.0,"[""ノーマル""]","{:H=>48, :A=>48, :B=>48, :C=>48, :D=>48, :S=>48}","[""じゅうなん"", ""かわりもの""]"
880,パッチラゴン,190.0,"[""でんき"", ""ドラゴン""]","{:H=>90, :A=>100, :B=>90, :C=>80, :D=>70, :S=>75}","[""ちくでん"", ""はりきり"", ""すなかき""]"
881,パッチルドン,150.0,"[""でんき"", ""こおり""]","{:H=>90, :A=>100, :B=>90, :C=>90, :D=>80, :S=>55}","[""ちくでん"", ""せいでんき"", ""ゆきかき""]"
882,ウオノラゴン,215.0,"[""みず"", ""ドラゴン""]","{:H=>90, :A=>90, :B=>100, :C=>70, :D=>80, :S=>75}","[""ちょすい"", ""がんじょうあご"", ""すなかき""]"
883,ウオチルドン,175.0,"[""みず"", ""こおり""]","{:H=>90, :A=>90, :B=>100, :C=>80, :D=>90, :S=>55}","[""ちょすい"", ""アイスボディ"", ""ゆきかき""]"
4,ヒトカゲ,8.5,"[""ほのお""]","{:H=>39, :A=>52, :B=>43, :C=>60, :D=>50, :S=>65}","[""もうか"", ""サンパワー""]"
5,リザード,19.0,"[""ほのお""]","{:H=>58, :A=>64, :B=>58, :C=>80, :D=>65, :S=>80}","[""もうか"", ""サンパワー""]"
6,リザードン,90.5,"[""ほのお"", ""ひこう""]","{:H=>78, :A=>84, :B=>78, :C=>109, :D=>85, :S=>100}","[""もうか"", ""サンパワー""]"
772,タイプ：ヌル,120.5,"[""ノーマル""]","{:H=>95, :A=>95, :B=>95, :C=>95, :D=>95, :S=>59}","[""カブトアーマー""]"
773,シルヴァディ,100.5,"[""ノーマル""]","{:H=>95, :A=>95, :B=>95, :C=>95, :D=>95, :S=>95}","[""ARシステム""]"
246,ヨーギラス,72.0,"[""いわ"", ""じめん""]","{:H=>50, :A=>64, :B=>50, :C=>45, :D=>50, :S=>41}","[""こんじょう"", ""すながくれ""]"
247,サナギラス,152.0,"[""いわ"", ""じめん""]","{:H=>70, :A=>84, :B=>70, :C=>65, :D=>70, :S=>51}","[""だっぴ""]"
248,バンギラス,202.0,"[""いわ"", ""あく""]","{:H=>100, :A=>134, :B=>110, :C=>95, :D=>100, :S=>61}","[""すなおこし"", ""きんちょうかん""]"
633,モノズ,17.3,"[""あく"", ""ドラゴン""]","{:H=>52, :A=>65, :B=>50, :C=>45, :D=>50, :S=>38}","[""はりきり""]"
634,ジヘッド,50.0,"[""あく"", ""ドラゴン""]","{:H=>72, :A=>85, :B=>70, :C=>65, :D=>70, :S=>58}","[""はりきり""]"
635,サザンドラ,160.0,"[""あく"", ""ドラゴン""]","{:H=>92, :A=>105, :B=>90, :C=>125, :D=>90, :S=>98}","[""ふゆう""]"
704,ヌメラ,2.8,"[""ドラゴン""]","{:H=>45, :A=>50, :B=>35, :C=>55, :D=>75, :S=>40}","[""そうしょく"", ""うるおいボディ"", ""ぬめぬめ""]"
705,ヌメイル,17.5,"[""ドラゴン""]","{:H=>68, :A=>75, :B=>53, :C=>83, :D=>113, :S=>60}","[""そうしょく"", ""うるおいボディ"", ""ぬめぬめ""]"
706,ヌメルゴン,150.5,"[""ドラゴン""]","{:H=>90, :A=>100, :B=>70, :C=>110, :D=>150, :S=>80}","[""そうしょく"", ""うるおいボディ"", ""ぬめぬめ""]"
782,ジャラコ,29.7,"[""ドラゴン""]","{:H=>45, :A=>55, :B=>65, :C=>45, :D=>45, :S=>45}","[""ぼうだん"", ""ぼうおん"", ""ぼうじん""]"
783,ジャランゴ,47.0,"[""ドラゴン"", ""かくとう""]","{:H=>55, :A=>75, :B=>90, :C=>65, :D=>70, :S=>65}","[""ぼうだん"", ""ぼうおん"", ""ぼうじん""]"
784,ジャラランガ,78.2,"[""ドラゴン"", ""かくとう""]","{:H=>75, :A=>110, :B=>125, :C=>100, :D=>105, :S=>85}","[""ぼうだん"", ""ぼうおん"", ""ぼうじん""]"
885,ドラメシヤ,2.0,"[""ドラゴン"", ""ゴースト""]","{:H=>28, :A=>60, :B=>30, :C=>40, :D=>30, :S=>82}","[""クリアボディ"", ""すりぬけ"", ""のろわれボディ""]"
886,ドロンチ,11.0,"[""ドラゴン"", ""ゴースト""]","{:H=>68, :A=>80, :B=>50, :C=>60, :D=>50, :S=>102}","[""クリアボディ"", ""すりぬけ"", ""のろわれボディ""]"
887,ドラパルト,50.0,"[""ドラゴン"", ""ゴースト""]","{:H=>88, :A=>120, :B=>75, :C=>100, :D=>75, :S=>142}","[""クリアボディ"", ""すりぬけ"", ""のろわれボディ""]"
888,ザシアン,110.0,"[""フェアリー""]","{:H=>92, :A=>130, :B=>115, :C=>80, :D=>115, :S=>138}","[""ふとうのけん""]"
889,ザマゼンタ,210.0,"[""かくとう""]","{:H=>92, :A=>130, :B=>115, :C=>80, :D=>115, :S=>138}","[""ふくつのたて""]"
890,ムゲンダイナ,950.0,"[""どく"", ""ドラゴン""]","{:H=>140, :A=>85, :B=>95, :C=>145, :D=>95, :S=>130}","[""プレッシャー""]"
